CVE,CVSS version,CVSS,EPSS,EPSS percentile
CVE-1999-0012,cvssMetricV2,5.0,0.93389,0.99333
CVE-1999-0154,cvssMetricV2,5.0,0.90122,0.99105
CVE-1999-0191,cvssMetricV2,6.4,0.96782,0.99804
CVE-1999-0256,cvssMetricV2,7.5,0.96207,0.99679
CVE-1999-0278,cvssMetricV2,5.0,0.90534,0.99132
CVE-1999-0449,cvssMetricV2,7.8,0.90131,0.99105
CVE-1999-0736,cvssMetricV2,5.0,0.90534,0.99132
CVE-1999-0737,cvssMetricV2,5.0,0.94632,0.99457
CVE-1999-0738,cvssMetricV2,5.0,0.94632,0.99457
CVE-1999-0739,cvssMetricV2,5.0,0.94632,0.99457
CVE-1999-0815,cvssMetricV2,5.0,0.95369,0.99545
CVE-1999-1035,cvssMetricV2,5.0,0.96423,0.99726
CVE-1999-1053,cvssMetricV2,7.5,0.96008,0.99643
CVE-1999-1148,cvssMetricV2,5.0,0.96423,0.99726
CVE-1999-1451,cvssMetricV2,5.0,0.96506,0.99742
CVE-1999-1510,cvssMetricV2,7.5,0.94463,0.99435
CVE-2000-0071,cvssMetricV2,5.0,0.92201,0.99244
CVE-2000-0097,cvssMetricV2,5.0,0.93004,0.99301
CVE-2000-0098,cvssMetricV2,5.0,0.96377,0.99716
CVE-2000-0126,cvssMetricV2,5.0,0.95606,0.99579
CVE-2000-0246,cvssMetricV2,5.0,0.95864,0.99619
CVE-2000-0284,cvssMetricV2,7.5,0.92003,0.99232
CVE-2000-0302,cvssMetricV2,5.0,0.96678,0.99783
CVE-2000-0380,cvssMetricV2,7.1,0.95969,0.99635
CVE-2000-0413,cvssMetricV2,5.0,0.90534,0.99132
CVE-2000-0778,cvssMetricV2,5.0,0.97094,0.99885
CVE-2000-0884,cvssMetricV2,7.5,0.93793,0.99368
CVE-2000-0980,cvssMetricV2,5.0,0.91552,0.99198
CVE-2000-1200,cvssMetricV2,5.0,0.94955,0.99498
CVE-2001-0245,cvssMetricV2,5.0,0.92201,0.99244
CVE-2001-0727,cvssMetricV2,7.5,0.9606,0.99653
CVE-2001-0876,cvssMetricV2,7.5,0.9514,0.99518
CVE-2001-0877,cvssMetricV2,5.0,0.94288,0.99417
CVE-2001-0986,cvssMetricV2,5.0,0.91919,0.99223
CVE-2002-0029,cvssMetricV2,7.5,0.93095,0.99307
CVE-2002-0073,cvssMetricV2,5.0,0.96496,0.99739
CVE-2002-0079,cvssMetricV2,7.5,0.95957,0.99632
CVE-2002-0081,cvssMetricV2,7.5,0.93636,0.99354
CVE-2002-0150,cvssMetricV2,7.5,0.94334,0.99421
CVE-2002-0186,cvssMetricV2,7.5,0.96631,0.99772
CVE-2002-0228,cvssMetricV2,5.0,0.9623,0.99682
CVE-2002-0371,cvssMetricV2,7.5,0.90903,0.99155
CVE-2002-0409,cvssMetricV2,5.0,0.94632,0.99457
CVE-2002-0421,cvssMetricV2,5.0,0.96886,0.99828
CVE-2002-0500,cvssMetricV2,5.0,0.94955,0.99498
CVE-2002-0597,cvssMetricV2,5.0,0.9609,0.99656
CVE-2002-0642,cvssMetricV2,7.2,0.97424,0.99973
CVE-2002-0643,cvssMetricV2,4.6,0.96892,0.99831
CVE-2002-0649,cvssMetricV2,7.5,0.96297,0.997
CVE-2002-0840,cvssMetricV2,6.8,0.96743,0.99797
CVE-2002-0965,cvssMetricV2,7.5,0.90328,0.99118
CVE-2002-1123,cvssMetricV2,7.5,0.96285,0.99697
CVE-2002-1142,cvssMetricV2,7.5,0.96442,0.99731
CVE-2002-1214,cvssMetricV2,7.5,0.95976,0.99636
CVE-2002-1254,cvssMetricV2,7.5,0.93191,0.99314
CVE-2002-1258,cvssMetricV2,5.0,0.92025,0.99232
CVE-2002-1643,cvssMetricV2,7.5,0.96513,0.99743
CVE-2002-1751,cvssMetricV2,5.0,0.93227,0.9932
CVE-2002-2062,cvssMetricV2,4.3,0.92041,0.99233
CVE-2003-0027,cvssMetricV2,5.0,0.90246,0.99113
CVE-2003-0028,cvssMetricV2,7.5,0.96338,0.99707
CVE-2003-0109,cvssMetricV2,7.5,0.97179,0.99907
CVE-2003-0228,cvssMetricV2,7.5,0.95323,0.99538
CVE-2003-0245,cvssMetricV2,5.0,0.92588,0.99271
CVE-2003-0344,cvssMetricV2,7.5,0.95728,0.99598
CVE-2003-0349,cvssMetricV2,7.5,0.92672,0.99276
CVE-2003-0352,cvssMetricV2,7.5,0.95385,0.99549
CVE-2003-0505,cvssMetricV2,5.0,0.93679,0.99359
CVE-2003-0533,cvssMetricV2,7.5,0.97261,0.9993
CVE-2003-0605,cvssMetricV2,7.5,0.94825,0.99481
CVE-2003-0717,cvssMetricV2,7.5,0.95286,0.99534
CVE-2003-0718,cvssMetricV2,5.0,0.94471,0.99436
CVE-2003-0719,cvssMetricV2,7.5,0.96403,0.99721
CVE-2003-0725,cvssMetricV2,7.5,0.91569,0.99199
CVE-2003-0747,cvssMetricV2,5.0,0.91585,0.99201
CVE-2003-0749,cvssMetricV2,6.8,0.92684,0.99277
CVE-2003-0768,cvssMetricV2,6.8,0.94609,0.99454
CVE-2003-0772,cvssMetricV2,7.5,0.92819,0.99286
CVE-2003-0812,cvssMetricV2,7.5,0.95821,0.99613
CVE-2003-0818,cvssMetricV2,7.5,0.97261,0.99929
CVE-2003-0822,cvssMetricV2,7.5,0.96903,0.99834
CVE-2003-0838,cvssMetricV2,7.5,0.95041,0.99509
CVE-2003-1025,cvssMetricV2,4.3,0.96781,0.99803
CVE-2003-1200,cvssMetricV2,7.5,0.95124,0.99517
CVE-2004-0045,cvssMetricV2,7.5,0.9493,0.99495
CVE-2004-0119,cvssMetricV31,7.5,0.96396,0.99719
CVE-2004-0120,cvssMetricV2,5.0,0.96057,0.99652
CVE-2004-0176,cvssMetricV2,5.0,0.93159,0.99312
CVE-2004-0199,cvssMetricV2,5.1,0.91764,0.99214
CVE-2004-0204,cvssMetricV2,7.5,0.9558,0.99574
CVE-2004-0331,cvssMetricV2,5.0,0.94683,0.99462
CVE-2004-0362,cvssMetricV2,7.5,0.9695,0.99847
CVE-2004-0363,cvssMetricV2,7.5,0.9583,0.99614
CVE-2004-0396,cvssMetricV2,7.5,0.96857,0.9982
CVE-2004-0397,cvssMetricV2,7.5,0.92891,0.99293
CVE-2004-0493,cvssMetricV2,6.4,0.90057,0.99099
CVE-2004-0567,cvssMetricV2,7.5,0.90965,0.99158
CVE-2004-0637,cvssMetricV2,6.5,0.90385,0.99123
CVE-2004-0700,cvssMetricV2,7.5,0.90919,0.99157
CVE-2004-0790,cvssMetricV2,5.0,0.96233,0.99683
CVE-2004-0841,cvssMetricV2,5.0,0.92155,0.9924
CVE-2004-0842,cvssMetricV2,7.5,0.95008,0.99503
CVE-2004-0844,cvssMetricV2,5.0,0.93082,0.99306
CVE-2004-0918,cvssMetricV2,5.0,0.94269,0.99415
CVE-2004-0932,cvssMetricV2,7.5,0.924,0.99256
CVE-2004-0933,cvssMetricV2,7.5,0.92552,0.99266
CVE-2004-0934,cvssMetricV2,7.5,0.92862,0.99289
CVE-2004-0935,cvssMetricV2,7.5,0.93277,0.99324
CVE-2004-0936,cvssMetricV2,7.5,0.93277,0.99324
CVE-2004-0937,cvssMetricV2,7.5,0.93277,0.99324
CVE-2004-0942,cvssMetricV2,5.0,0.9649,0.99738
CVE-2004-1043,cvssMetricV2,5.0,0.93246,0.99321
CVE-2004-1049,cvssMetricV2,5.1,0.96556,0.99753
CVE-2004-1166,cvssMetricV2,7.5,0.96729,0.99793
CVE-2004-1373,cvssMetricV2,7.5,0.97145,0.99899
CVE-2004-1520,cvssMetricV2,4.6,0.95624,0.99582
CVE-2004-1774,cvssMetricV2,7.2,0.97067,0.99876
CVE-2004-2111,cvssMetricV2,8.5,0.96736,0.99795
CVE-2004-2115,cvssMetricV2,6.8,0.95876,0.99621
CVE-2004-2691,cvssMetricV2,7.1,0.96402,0.99721
CVE-2005-0045,cvssMetricV2,7.5,0.93432,0.99336
CVE-2005-0053,cvssMetricV2,7.5,0.92139,0.99239
CVE-2005-0054,cvssMetricV2,5.1,0.92519,0.99263
CVE-2005-0055,cvssMetricV2,7.5,0.95396,0.9955
CVE-2005-0063,cvssMetricV2,7.5,0.9255,0.99265
CVE-2005-0095,cvssMetricV2,5.0,0.9614,0.99664
CVE-2005-0116,cvssMetricV2,7.5,0.96586,0.9976
CVE-2005-0174,cvssMetricV2,5.0,0.93378,0.99331
CVE-2005-0241,cvssMetricV2,5.0,0.95183,0.99524
CVE-2005-0446,cvssMetricV2,5.0,0.94307,0.99419
CVE-2005-0468,cvssMetricV2,7.5,0.95382,0.99548
CVE-2005-0553,cvssMetricV2,5.1,0.94965,0.99499
CVE-2005-0554,cvssMetricV2,7.5,0.95086,0.99514
CVE-2005-0555,cvssMetricV2,7.5,0.95907,0.99626
CVE-2005-0581,cvssMetricV2,4.6,0.90636,0.9914
CVE-2005-0595,cvssMetricV2,7.5,0.96034,0.99648
CVE-2005-0709,cvssMetricV2,4.6,0.95972,0.99636
CVE-2005-0710,cvssMetricV2,4.6,0.94531,0.99443
CVE-2005-0773,cvssMetricV2,7.5,0.96694,0.99786
CVE-2005-0803,cvssMetricV2,5.0,0.95483,0.9956
CVE-2005-0986,cvssMetricV2,5.0,0.91767,0.99215
CVE-2005-1018,cvssMetricV2,7.5,0.96505,0.99741
CVE-2005-1213,cvssMetricV2,7.5,0.97296,0.99941
CVE-2005-1219,cvssMetricV2,7.5,0.96085,0.99655
CVE-2005-1250,cvssMetricV2,7.5,0.93973,0.99387
CVE-2005-1272,cvssMetricV2,7.5,0.95808,0.9961
CVE-2005-1323,cvssMetricV2,7.5,0.95194,0.99525
CVE-2005-1381,cvssMetricV2,6.8,0.94174,0.99405
CVE-2005-1382,cvssMetricV2,5.0,0.94162,0.99404
CVE-2005-1543,cvssMetricV2,7.5,0.96039,0.99649
CVE-2005-1747,cvssMetricV2,6.8,0.94334,0.99422
CVE-2005-1921,cvssMetricV2,7.5,0.95027,0.99507
CVE-2005-1987,cvssMetricV2,7.5,0.91834,0.99218
CVE-2005-1988,cvssMetricV2,5.1,0.95668,0.99588
CVE-2005-1990,cvssMetricV2,5.1,0.94383,0.99429
CVE-2005-2087,cvssMetricV2,5.0,0.93107,0.99309
CVE-2005-2088,cvssMetricV2,4.3,0.96628,0.99771
CVE-2005-2090,cvssMetricV2,4.3,0.96009,0.99644
CVE-2005-2119,cvssMetricV2,5.0,0.93563,0.99347
CVE-2005-2124,cvssMetricV2,7.6,0.95366,0.99544
CVE-2005-2265,cvssMetricV2,5.0,0.94739,0.9947
CVE-2005-2278,cvssMetricV2,7.2,0.93747,0.99366
CVE-2005-2287,cvssMetricV2,5.0,0.95852,0.99617
CVE-2005-2297,cvssMetricV2,4.6,0.96295,0.99699
CVE-2005-2308,cvssMetricV2,7.5,0.91259,0.99178
CVE-2005-2340,cvssMetricV2,7.5,0.96366,0.99712
CVE-2005-2705,cvssMetricV2,7.5,0.92875,0.9929
CVE-2005-2706,cvssMetricV2,6.4,0.94907,0.99492
CVE-2005-2710,cvssMetricV2,5.1,0.96748,0.99798
CVE-2005-2829,cvssMetricV2,5.1,0.94614,0.99454
CVE-2005-2831,cvssMetricV2,7.5,0.9618,0.99672
CVE-2005-2841,cvssMetricV2,7.5,0.90626,0.99138
CVE-2005-2847,cvssMetricV2,7.5,0.95893,0.99624
CVE-2005-2871,cvssMetricV2,7.5,0.95988,0.99639
CVE-2005-2877,cvssMetricV2,7.5,0.95172,0.99522
CVE-2005-2917,cvssMetricV2,5.0,0.95283,0.99533
CVE-2005-2968,cvssMetricV2,7.5,0.93952,0.99386
CVE-2005-3252,cvssMetricV2,7.5,0.94667,0.9946
CVE-2005-3315,cvssMetricV2,7.5,0.95941,0.9963
CVE-2005-3357,cvssMetricV2,5.4,0.91457,0.9919
CVE-2005-3792,cvssMetricV2,7.5,0.91937,0.99225
CVE-2005-4089,cvssMetricV2,7.1,0.94822,0.9948
CVE-2005-4092,cvssMetricV2,7.5,0.94071,0.99396
CVE-2005-4134,cvssMetricV2,5.0,0.94897,0.9949
CVE-2005-4267,cvssMetricV2,7.5,0.95178,0.99523
CVE-2005-4360,cvssMetricV2,7.8,0.90807,0.9915
CVE-2005-4411,cvssMetricV2,7.5,0.93104,0.99308
CVE-2005-4560,cvssMetricV2,7.5,0.97203,0.99914
CVE-2005-4797,cvssMetricV2,5.0,0.94724,0.99468
CVE-2006-0002,cvssMetricV2,7.5,0.92601,0.99271
CVE-2006-0003,cvssMetricV2,5.1,0.95568,0.99572
CVE-2006-0026,cvssMetricV2,6.5,0.96127,0.99662
CVE-2006-0027,cvssMetricV2,7.5,0.96965,0.99851
CVE-2006-0028,cvssMetricV2,5.1,0.94437,0.99432
CVE-2006-0058,cvssMetricV2,7.6,0.93395,0.99333
CVE-2006-0143,cvssMetricV2,7.5,0.90056,0.99099
CVE-2006-0295,cvssMetricV2,5.1,0.96712,0.99788
CVE-2006-0296,cvssMetricV2,5.0,0.95776,0.99605
CVE-2006-0297,cvssMetricV2,5.1,0.90135,0.99105
CVE-2006-0460,cvssMetricV2,7.5,0.92883,0.99292
CVE-2006-0476,cvssMetricV2,7.6,0.92534,0.99264
CVE-2006-0544,cvssMetricV2,7.5,0.93717,0.99363
CVE-2006-0564,cvssMetricV2,7.5,0.91388,0.99184
CVE-2006-0848,cvssMetricV2,5.1,0.96892,0.99831
CVE-2006-0900,cvssMetricV2,7.8,0.9625,0.99687
CVE-2006-0994,cvssMetricV2,7.5,0.9436,0.99425
CVE-2006-1043,cvssMetricV2,5.1,0.96413,0.99724
CVE-2006-1185,cvssMetricV2,7.5,0.94249,0.99411
CVE-2006-1188,cvssMetricV2,7.5,0.93628,0.99353
CVE-2006-1245,cvssMetricV2,7.5,0.9595,0.99632
CVE-2006-1313,cvssMetricV2,6.8,0.92536,0.99264
CVE-2006-1516,cvssMetricV2,5.0,0.93844,0.99375
CVE-2006-1733,cvssMetricV2,6.8,0.96487,0.99738
CVE-2006-1734,cvssMetricV2,6.8,0.97243,0.99924
CVE-2006-1738,cvssMetricV2,5.0,0.96781,0.99802
CVE-2006-1993,cvssMetricV2,5.1,0.96157,0.99669
CVE-2006-2081,cvssMetricV2,4.6,0.9437,0.99427
CVE-2006-2086,cvssMetricV2,7.5,0.93226,0.99319
CVE-2006-2237,cvssMetricV2,5.1,0.9452,0.99442
CVE-2006-2297,cvssMetricV2,4.0,0.9276,0.99282
CVE-2006-2369,cvssMetricV2,7.5,0.96724,0.99793
CVE-2006-2370,cvssMetricV2,7.5,0.9541,0.99552
CVE-2006-2371,cvssMetricV2,7.5,0.90536,0.99132
CVE-2006-2387,cvssMetricV2,5.1,0.91686,0.99209
CVE-2006-2407,cvssMetricV2,7.5,0.91413,0.99188
CVE-2006-2444,cvssMetricV2,7.8,0.90145,0.99106
CVE-2006-2447,cvssMetricV2,5.1,0.95343,0.99541
CVE-2006-2685,cvssMetricV2,4.0,0.90916,0.99156
CVE-2006-2782,cvssMetricV2,4.3,0.94074,0.99396
CVE-2006-2926,cvssMetricV2,7.5,0.92066,0.99235
CVE-2006-3252,cvssMetricV2,7.5,0.9534,0.9954
CVE-2006-3280,cvssMetricV2,7.5,0.96267,0.99691
CVE-2006-3281,cvssMetricV2,5.1,0.95037,0.99509
CVE-2006-3357,cvssMetricV2,7.5,0.923,0.99251
CVE-2006-3392,cvssMetricV2,5.0,0.95861,0.99619
CVE-2006-3451,cvssMetricV2,7.5,0.92083,0.99236
CVE-2006-3469,cvssMetricV2,4.0,0.90142,0.99106
CVE-2006-3524,cvssMetricV2,7.5,0.94919,0.99493
CVE-2006-3637,cvssMetricV2,5.1,0.94604,0.99453
CVE-2006-3655,cvssMetricV2,5.1,0.92347,0.99253
CVE-2006-3677,cvssMetricV2,7.5,0.96839,0.99817
CVE-2006-3747,cvssMetricV2,7.6,0.93515,0.99343
CVE-2006-3803,cvssMetricV2,5.1,0.94825,0.99481
CVE-2006-3806,cvssMetricV2,7.5,0.96331,0.99705
CVE-2006-3868,cvssMetricV2,5.1,0.93506,0.99343
CVE-2006-3918,cvssMetricV2,4.3,0.95235,0.99528
CVE-2006-3942,cvssMetricV2,7.8,0.96557,0.99753
CVE-2006-4219,cvssMetricV2,7.5,0.93927,0.99385
CVE-2006-4253,cvssMetricV2,7.6,0.96022,0.99646
CVE-2006-4379,cvssMetricV2,7.5,0.93561,0.99347
CVE-2006-4446,cvssMetricV2,5.0,0.94432,0.99431
CVE-2006-4495,cvssMetricV2,7.5,0.95371,0.99545
CVE-2006-4602,cvssMetricV2,7.5,0.96145,0.99667
CVE-2006-4688,cvssMetricV2,7.5,0.96399,0.99719
CVE-2006-4704,cvssMetricV2,6.8,0.96487,0.99737
CVE-2006-4777,cvssMetricV2,7.6,0.95454,0.99558
CVE-2006-4847,cvssMetricV2,6.5,0.97144,0.99898
CVE-2006-5000,cvssMetricV2,6.5,0.92293,0.9925
CVE-2006-5143,cvssMetricV2,7.5,0.9482,0.9948
CVE-2006-5198,cvssMetricV2,4.0,0.95839,0.99615
CVE-2006-5216,cvssMetricV2,7.5,0.95432,0.99554
CVE-2006-5296,cvssMetricV2,4.3,0.94468,0.99436
CVE-2006-5444,cvssMetricV2,7.5,0.96347,0.99709
CVE-2006-5478,cvssMetricV2,7.5,0.92289,0.9925
CVE-2006-5650,cvssMetricV2,7.5,0.97121,0.99891
CVE-2006-5745,cvssMetricV2,7.6,0.97237,0.99923
CVE-2006-5854,cvssMetricV2,7.5,0.93558,0.99347
CVE-2006-5864,cvssMetricV2,5.1,0.94079,0.99397
CVE-2006-6133,cvssMetricV2,7.6,0.96822,0.99813
CVE-2006-6134,cvssMetricV2,7.5,0.96578,0.99759
CVE-2006-6296,cvssMetricV2,6.1,0.97052,0.99874
CVE-2006-6665,cvssMetricV2,6.8,0.91697,0.9921
CVE-2006-7196,cvssMetricV2,4.3,0.95443,0.99556
CVE-2007-0008,cvssMetricV2,6.8,0.96663,0.9978
CVE-2007-0009,cvssMetricV2,6.8,0.91389,0.99185
CVE-2007-0046,cvssMetricV2,7.5,0.91259,0.99178
CVE-2007-0169,cvssMetricV2,7.5,0.92742,0.9928
CVE-2007-0197,cvssMetricV2,6.8,0.96882,0.99827
CVE-2007-0229,cvssMetricV2,7.2,0.95519,0.99564
CVE-2007-0247,cvssMetricV2,5.0,0.96011,0.99644
CVE-2007-0450,cvssMetricV2,5.0,0.96981,0.99854
CVE-2007-0464,cvssMetricV2,5.0,0.93988,0.99389
CVE-2007-0494,cvssMetricV2,4.3,0.95299,0.99535
CVE-2007-0811,cvssMetricV2,4.3,0.91286,0.99179
CVE-2007-0981,cvssMetricV2,7.5,0.96943,0.99846
CVE-2007-1036,cvssMetricV2,7.5,0.96561,0.99754
CVE-2007-1239,cvssMetricV2,4.3,0.9268,0.99277
CVE-2007-1306,cvssMetricV2,7.8,0.95898,0.99625
CVE-2007-1308,cvssMetricV2,4.3,0.94451,0.99434
CVE-2007-1347,cvssMetricV2,7.1,0.93358,0.99328
CVE-2007-1350,cvssMetricV2,6.8,0.93707,0.99362
CVE-2007-1403,cvssMetricV2,7.5,0.9228,0.99248
CVE-2007-1499,cvssMetricV2,4.3,0.9693,0.99841
CVE-2007-1560,cvssMetricV2,5.0,0.95888,0.99623
CVE-2007-1594,cvssMetricV2,7.8,0.95014,0.99504
CVE-2007-1785,cvssMetricV2,7.1,0.94522,0.99443
CVE-2007-2175,cvssMetricV2,7.6,0.95628,0.99582
CVE-2007-2228,cvssMetricV2,7.8,0.90037,0.99098
CVE-2007-2293,cvssMetricV2,7.6,0.96363,0.99711
CVE-2007-2443,cvssMetricV2,8.3,0.96405,0.99722
CVE-2007-2447,cvssMetricV2,6.0,0.93594,0.9935
CVE-2007-2449,cvssMetricV2,4.3,0.94147,0.99403
CVE-2007-2581,cvssMetricV2,4.3,0.96282,0.99696
CVE-2007-2918,cvssMetricV2,6.8,0.91078,0.99169
CVE-2007-2955,cvssMetricV2,6.8,0.90562,0.99135
CVE-2007-3033,cvssMetricV2,4.3,0.9425,0.99411
CVE-2007-3035,cvssMetricV2,7.6,0.91027,0.99163
CVE-2007-3068,cvssMetricV2,6.8,0.90344,0.9912
CVE-2007-3089,cvssMetricV2,4.3,0.9412,0.99401
CVE-2007-3091,cvssMetricV2,7.1,0.963,0.99702
CVE-2007-3566,cvssMetricV2,7.5,0.94828,0.99481
CVE-2007-3576,cvssMetricV2,4.3,0.90973,0.99159
CVE-2007-3605,cvssMetricV2,7.6,0.96333,0.99706
CVE-2007-3763,cvssMetricV2,5.0,0.94818,0.99479
CVE-2007-3764,cvssMetricV2,5.0,0.96468,0.99734
CVE-2007-3855,cvssMetricV2,6.5,0.94871,0.99487
CVE-2007-3872,cvssMetricV2,6.8,0.92527,0.99263
CVE-2007-3891,cvssMetricV2,6.8,0.94426,0.99431
CVE-2007-3901,cvssMetricV2,8.5,0.95621,0.99581
CVE-2007-3903,cvssMetricV2,6.8,0.91203,0.99176
CVE-2007-3925,cvssMetricV2,6.5,0.95811,0.99612
CVE-2007-4006,cvssMetricV2,6.8,0.92888,0.99293
CVE-2007-4336,cvssMetricV2,4.3,0.95829,0.99614
CVE-2007-4370,cvssMetricV2,7.5,0.94237,0.99409
CVE-2007-4440,cvssMetricV2,7.5,0.94797,0.99478
CVE-2007-4466,cvssMetricV2,6.8,0.90561,0.99135
CVE-2007-4560,cvssMetricV2,7.6,0.96369,0.99713
CVE-2007-4790,cvssMetricV2,7.5,0.95802,0.99609
CVE-2007-5067,cvssMetricV2,7.5,0.9554,0.99568
CVE-2007-5217,cvssMetricV2,6.8,0.94739,0.99471
CVE-2007-5339,cvssMetricV2,4.3,0.96592,0.99761
CVE-2007-5423,cvssMetricV2,7.5,0.9128,0.99179
CVE-2007-5511,cvssMetricV2,6.5,0.97018,0.99862
CVE-2007-5659,cvssMetricV31,7.8,0.95707,0.99593
CVE-2007-5779,cvssMetricV2,7.5,0.90756,0.99148
CVE-2007-6203,cvssMetricV2,4.3,0.95613,0.9958
CVE-2007-6244,cvssMetricV2,4.3,0.93693,0.9936
CVE-2007-6377,cvssMetricV2,7.5,0.90005,0.99096
CVE-2008-0077,cvssMetricV31,8.8,0.96201,0.99678
CVE-2008-0084,cvssMetricV2,7.8,0.94761,0.99473
CVE-2008-0088,cvssMetricV2,6.8,0.92272,0.99247
CVE-2008-0095,cvssMetricV2,5.0,0.93998,0.99389
CVE-2008-0127,cvssMetricV2,8.8,0.91467,0.9919
CVE-2008-0226,cvssMetricV2,7.5,0.97379,0.99963
CVE-2008-0236,cvssMetricV2,5.8,0.93064,0.99305
CVE-2008-0237,cvssMetricV2,6.8,0.94627,0.99456
CVE-2008-0387,cvssMetricV2,7.8,0.94853,0.99485
CVE-2008-0492,cvssMetricV2,6.8,0.94094,0.99399
CVE-2008-0506,cvssMetricV2,6.8,0.96395,0.99717
CVE-2008-0621,cvssMetricV2,7.5,0.93523,0.99344
CVE-2008-0871,cvssMetricV2,6.8,0.92757,0.99282
CVE-2008-0927,cvssMetricV2,5.0,0.90877,0.99153
CVE-2008-1105,cvssMetricV2,7.5,0.96005,0.99642
CVE-2008-1289,cvssMetricV2,7.5,0.94004,0.9939
CVE-2008-1437,cvssMetricV2,5.0,0.90317,0.99117
CVE-2008-1855,cvssMetricV2,5.0,0.9055,0.99134
CVE-2008-2247,cvssMetricV2,4.3,0.94044,0.99393
CVE-2008-2248,cvssMetricV2,4.3,0.9306,0.99304
CVE-2008-2463,cvssMetricV2,6.8,0.97008,0.9986
CVE-2008-2499,cvssMetricV2,7.5,0.96614,0.99767
CVE-2008-2639,cvssMetricV2,7.6,0.90735,0.99147
CVE-2008-2938,cvssMetricV2,4.3,0.96796,0.99806
CVE-2008-2992,cvssMetricV31,7.8,0.93551,0.99346
CVE-2008-3263,cvssMetricV2,7.8,0.96571,0.99757
CVE-2008-3475,cvssMetricV31,8.8,0.94064,0.99395
CVE-2008-3979,cvssMetricV2,5.5,0.971,0.99887
CVE-2008-3982,cvssMetricV2,5.5,0.91156,0.99172
CVE-2008-3983,cvssMetricV2,5.5,0.95153,0.99519
CVE-2008-3984,cvssMetricV2,5.5,0.95153,0.99519
CVE-2008-4065,cvssMetricV2,4.3,0.94539,0.99445
CVE-2008-4254,cvssMetricV2,8.5,0.96185,0.99674
CVE-2008-4258,cvssMetricV2,8.5,0.9543,0.99554
CVE-2008-4269,cvssMetricV2,8.5,0.93581,0.99349
CVE-2008-4927,cvssMetricV2,4.3,0.91353,0.99182
CVE-2008-5081,cvssMetricV2,5.0,0.9547,0.99559
CVE-2008-5626,cvssMetricV2,4.0,0.92913,0.99295
CVE-2008-6427,cvssMetricV2,6.8,0.93101,0.99308
CVE-2008-6505,cvssMetricV2,5.0,0.96499,0.99741
CVE-2009-0077,cvssMetricV2,5.0,0.94912,0.99492
CVE-2009-0085,cvssMetricV2,7.1,0.93527,0.99345
CVE-2009-0094,cvssMetricV2,5.5,0.96031,0.99647
CVE-2009-0099,cvssMetricV2,5.0,0.9266,0.99275
CVE-2009-0217,cvssMetricV2,5.0,0.97039,0.9987
CVE-2009-0542,cvssMetricV2,7.5,0.92672,0.99276
CVE-2009-0580,cvssMetricV2,4.3,0.96941,0.99844
CVE-2009-0658,cvssMetricV31,7.8,0.97323,0.99949
CVE-2009-0689,cvssMetricV2,6.8,0.96978,0.99853
CVE-2009-0696,cvssMetricV2,4.3,0.95429,0.99553
CVE-2009-0920,cvssMetricV2,7.5,0.90973,0.99159
CVE-2009-0927,cvssMetricV31,8.8,0.97292,0.9994
CVE-2009-1072,cvssMetricV2,4.9,0.96652,0.99777
CVE-2009-1217,cvssMetricV2,4.3,0.90441,0.99126
CVE-2009-1252,cvssMetricV2,6.8,0.9612,0.99661
CVE-2009-1493,cvssMetricV2,6.8,0.94068,0.99396
CVE-2009-1546,cvssMetricV2,8.5,0.95239,0.99529
CVE-2009-1547,cvssMetricV31,8.8,0.90663,0.99141
CVE-2009-1926,cvssMetricV2,7.8,0.91265,0.99178
CVE-2009-1975,cvssMetricV2,6.8,0.92994,0.993
CVE-2009-2265,cvssMetricV2,7.5,0.97089,0.99883
CVE-2009-2288,cvssMetricV2,7.5,0.9657,0.99757
CVE-2009-2335,cvssMetricV2,5.0,0.95819,0.99612
CVE-2009-2499,cvssMetricV2,8.5,0.95707,0.99594
CVE-2009-2510,cvssMetricV2,6.8,0.93847,0.99375
CVE-2009-2511,cvssMetricV2,7.5,0.95077,0.99513
CVE-2009-2521,cvssMetricV2,5.0,0.94053,0.99394
CVE-2009-2622,cvssMetricV2,5.0,0.90641,0.9914
CVE-2009-2629,cvssMetricV2,7.5,0.92779,0.99284
CVE-2009-2765,cvssMetricV2,8.3,0.9665,0.99776
CVE-2009-2855,cvssMetricV2,5.0,0.9656,0.99754
CVE-2009-3111,cvssMetricV2,5.0,0.92917,0.99295
CVE-2009-3129,cvssMetricV31,7.8,0.9728,0.99937
CVE-2009-3563,cvssMetricV2,6.4,0.96396,0.99719
CVE-2009-3733,cvssMetricV2,5.0,0.96334,0.99707
CVE-2009-3953,cvssMetricV31,8.8,0.96276,0.99694
CVE-2009-3960,cvssMetricV31,6.5,0.93821,0.99373
CVE-2009-4140,cvssMetricV2,7.5,0.96884,0.99827
CVE-2009-4324,cvssMetricV31,7.8,0.94064,0.99395
CVE-2009-4444,cvssMetricV2,6.0,0.91965,0.99229
CVE-2009-4484,cvssMetricV2,7.5,0.95769,0.99603
CVE-2010-0010,cvssMetricV2,6.8,0.94887,0.99488
CVE-2010-0094,cvssMetricV2,7.5,0.91605,0.99202
CVE-2010-0112,cvssMetricV2,7.5,0.92148,0.9924
CVE-2010-0212,cvssMetricV2,5.0,0.93057,0.99303
CVE-2010-0248,cvssMetricV31,8.1,0.97306,0.99945
CVE-2010-0249,cvssMetricV31,8.8,0.95851,0.99617
CVE-2010-0283,cvssMetricV2,7.8,0.9133,0.99181
CVE-2010-0387,cvssMetricV2,7.5,0.92311,0.99251
CVE-2010-0441,cvssMetricV2,5.0,0.91849,0.99219
CVE-2010-0483,cvssMetricV2,7.6,0.97186,0.99908
CVE-2010-0639,cvssMetricV2,5.0,0.915,0.99192
CVE-2010-0738,cvssMetricV31,5.3,0.95027,0.99506
CVE-2010-0842,cvssMetricV2,7.5,0.95036,0.99508
CVE-2010-1042,cvssMetricV2,4.3,0.94364,0.99426
CVE-2010-1264,cvssMetricV2,4.0,0.96537,0.99748
CVE-2010-1317,cvssMetricV2,7.5,0.96927,0.9984
CVE-2010-1871,cvssMetricV31,8.8,0.95478,0.99559
CVE-2010-1899,cvssMetricV2,4.3,0.96993,0.99856
CVE-2010-1939,cvssMetricV2,7.6,0.91929,0.99224
CVE-2010-1964,cvssMetricV2,7.5,0.9444,0.99432
CVE-2010-2063,cvssMetricV2,7.5,0.97016,0.99861
CVE-2010-2156,cvssMetricV2,5.0,0.96544,0.99749
CVE-2010-2309,cvssMetricV2,7.5,0.95382,0.99548
CVE-2010-2568,cvssMetricV31,7.8,0.94298,0.99418
CVE-2010-2883,cvssMetricV31,7.3,0.93689,0.99359
CVE-2010-2939,cvssMetricV2,4.3,0.9414,0.99403
CVE-2010-3008,cvssMetricV2,7.2,0.96551,0.9975
CVE-2010-3072,cvssMetricV2,5.0,0.92485,0.9926
CVE-2010-3332,cvssMetricV2,6.4,0.93735,0.99365
CVE-2010-3333,cvssMetricV31,7.8,0.97245,0.99925
CVE-2010-3600,cvssMetricV2,7.5,0.97121,0.99892
CVE-2010-3936,cvssMetricV2,4.3,0.92717,0.99279
CVE-2010-3964,cvssMetricV2,7.5,0.97061,0.99875
CVE-2010-4323,cvssMetricV2,7.5,0.94652,0.99459
CVE-2010-4328,cvssMetricV2,7.5,0.93293,0.99325
CVE-2010-4335,cvssMetricV2,7.5,0.9236,0.99254
CVE-2010-4416,cvssMetricV2,5.0,0.93437,0.99337
CVE-2010-4701,cvssMetricV2,7.6,0.91556,0.99198
CVE-2010-5240,cvssMetricV2,6.9,0.95823,0.99613
CVE-2011-0029,cvssMetricV31,7.4,0.95528,0.99565
CVE-2011-0042,cvssMetricV31,7.8,0.91341,0.99182
CVE-2011-0096,cvssMetricV31,6.1,0.96746,0.99797
CVE-2011-0346,cvssMetricV31,8.1,0.91773,0.99215
CVE-2011-0419,cvssMetricV2,4.3,0.96668,0.9978
CVE-2011-0514,cvssMetricV2,5.0,0.95564,0.99572
CVE-2011-0609,cvssMetricV31,7.8,0.97041,0.99872
CVE-2011-0611,cvssMetricV31,8.8,0.9557,0.99573
CVE-2011-0663,cvssMetricV31,8.8,0.9302,0.99301
CVE-2011-0997,cvssMetricV2,7.5,0.91608,0.99203
CVE-2011-1036,cvssMetricV2,8.8,0.90005,0.99097
CVE-2011-1147,cvssMetricV2,6.8,0.90136,0.99106
CVE-2011-1252,cvssMetricV31,6.1,0.92017,0.99232
CVE-2011-1655,cvssMetricV2,7.5,0.95539,0.99568
CVE-2011-1774,cvssMetricV2,8.8,0.96211,0.99679
CVE-2011-1871,cvssMetricV2,7.8,0.96236,0.99684
CVE-2011-1907,cvssMetricV2,5.0,0.90005,0.99097
CVE-2011-1910,cvssMetricV2,5.0,0.93428,0.99336
CVE-2011-1968,cvssMetricV2,7.1,0.96236,0.99684
CVE-2011-1976,cvssMetricV2,4.3,0.93427,0.99336
CVE-2011-2007,cvssMetricV2,5.0,0.91478,0.99191
CVE-2011-3011,cvssMetricV2,5.0,0.94037,0.99391
CVE-2011-3192,cvssMetricV2,7.8,0.96942,0.99845
CVE-2011-3205,cvssMetricV2,6.8,0.95203,0.99525
CVE-2011-3230,cvssMetricV2,6.8,0.92601,0.99272
CVE-2011-3368,cvssMetricV2,5.0,0.96897,0.99833
CVE-2011-3414,cvssMetricV2,7.8,0.9627,0.99692
CVE-2011-3416,cvssMetricV2,8.5,0.92806,0.99285
CVE-2011-3658,cvssMetricV2,7.5,0.94682,0.99462
CVE-2011-4063,cvssMetricV2,6.8,0.96568,0.99755
CVE-2011-4096,cvssMetricV2,5.0,0.9383,0.99374
CVE-2011-4166,cvssMetricV2,7.5,0.96264,0.9969
CVE-2011-4404,cvssMetricV2,5.0,0.96627,0.9977
CVE-2011-4453,cvssMetricV2,7.5,0.9179,0.99216
CVE-2011-4825,cvssMetricV2,7.5,0.91339,0.99182
CVE-2011-4929,cvssMetricV2,7.5,0.95375,0.99546
CVE-2012-0003,cvssMetricV31,8.1,0.96894,0.99832
CVE-2012-0006,cvssMetricV2,5.0,0.96498,0.9974
CVE-2012-0007,cvssMetricV2,4.3,0.94996,0.99502
CVE-2012-0012,cvssMetricV2,4.3,0.90544,0.99133
CVE-2012-0017,cvssMetricV2,4.3,0.9336,0.99329
CVE-2012-0144,cvssMetricV2,4.3,0.9336,0.99329
CVE-2012-0145,cvssMetricV2,4.3,0.9336,0.99329
CVE-2012-0158,cvssMetricV31,8.8,0.97278,0.99936
CVE-2012-0175,cvssMetricV31,8.8,0.96861,0.99821
CVE-2012-0270,cvssMetricV2,7.5,0.90433,0.99126
CVE-2012-0392,cvssMetricV2,6.8,0.96235,0.99683
CVE-2012-0394,cvssMetricV2,6.8,0.94415,0.9943
CVE-2012-0549,cvssMetricV2,7.5,0.94849,0.99484
CVE-2012-0754,cvssMetricV31,8.1,0.96695,0.99786
CVE-2012-0870,cvssMetricV2,7.9,0.93388,0.99332
CVE-2012-0897,cvssMetricV2,6.8,0.9403,0.99391
CVE-2012-0942,cvssMetricV2,7.5,0.9616,0.99669
CVE-2012-1153,cvssMetricV2,6.8,0.90065,0.991
CVE-2012-1184,cvssMetricV2,7.5,0.96353,0.9971
CVE-2012-1420,cvssMetricV2,4.3,0.969,0.99833
CVE-2012-1421,cvssMetricV2,4.3,0.97007,0.99859
CVE-2012-1422,cvssMetricV2,4.3,0.96632,0.99772
CVE-2012-1423,cvssMetricV2,4.3,0.96195,0.99677
CVE-2012-1424,cvssMetricV2,4.3,0.97192,0.9991
CVE-2012-1425,cvssMetricV2,4.3,0.97399,0.99967
CVE-2012-1426,cvssMetricV2,4.3,0.96663,0.99779
CVE-2012-1427,cvssMetricV2,4.3,0.96715,0.99791
CVE-2012-1428,cvssMetricV2,4.3,0.96715,0.99791
CVE-2012-1429,cvssMetricV2,4.3,0.97336,0.99953
CVE-2012-1430,cvssMetricV2,4.3,0.97473,0.99985
CVE-2012-1431,cvssMetricV2,4.3,0.97472,0.99984
CVE-2012-1432,cvssMetricV2,4.3,0.97208,0.99916
CVE-2012-1433,cvssMetricV2,4.3,0.97208,0.99916
CVE-2012-1434,cvssMetricV2,4.3,0.94705,0.99464
CVE-2012-1435,cvssMetricV2,4.3,0.97208,0.99916
CVE-2012-1436,cvssMetricV2,4.3,0.97208,0.99916
CVE-2012-1439,cvssMetricV2,4.3,0.97262,0.99931
CVE-2012-1440,cvssMetricV2,4.3,0.96621,0.99768
CVE-2012-1441,cvssMetricV2,4.3,0.94527,0.99443
CVE-2012-1442,cvssMetricV2,4.3,0.9744,0.99977
CVE-2012-1443,cvssMetricV2,4.3,0.97459,0.99981
CVE-2012-1444,cvssMetricV2,4.3,0.92705,0.99278
CVE-2012-1445,cvssMetricV2,4.3,0.97262,0.99931
CVE-2012-1446,cvssMetricV2,4.3,0.97357,0.99956
CVE-2012-1447,cvssMetricV2,4.3,0.92967,0.99298
CVE-2012-1448,cvssMetricV2,4.3,0.9548,0.9956
CVE-2012-1449,cvssMetricV2,4.3,0.90886,0.99154
CVE-2012-1450,cvssMetricV2,4.3,0.95025,0.99506
CVE-2012-1451,cvssMetricV2,4.3,0.94705,0.99464
CVE-2012-1452,cvssMetricV2,4.3,0.95543,0.99569
CVE-2012-1453,cvssMetricV2,4.3,0.97462,0.99982
CVE-2012-1454,cvssMetricV2,4.3,0.97278,0.99936
CVE-2012-1455,cvssMetricV2,4.3,0.90886,0.99154
CVE-2012-1456,cvssMetricV2,4.3,0.9721,0.99917
CVE-2012-1457,cvssMetricV2,4.3,0.9738,0.99963
CVE-2012-1459,cvssMetricV2,4.3,0.97472,0.99985
CVE-2012-1460,cvssMetricV2,4.3,0.96216,0.9968
CVE-2012-1461,cvssMetricV2,4.3,0.97308,0.99946
CVE-2012-1462,cvssMetricV2,4.3,0.95382,0.99549
CVE-2012-1463,cvssMetricV2,4.3,0.97244,0.99924
CVE-2012-1535,cvssMetricV31,7.8,0.96701,0.99786
CVE-2012-1539,cvssMetricV31,8.1,0.91657,0.99207
CVE-2012-1573,cvssMetricV2,5.0,0.93612,0.99352
CVE-2012-1667,cvssMetricV2,8.5,0.90378,0.99122
CVE-2012-1675,cvssMetricV2,7.5,0.97075,0.99879
CVE-2012-1850,cvssMetricV2,5.0,0.96577,0.99759
CVE-2012-1858,cvssMetricV2,4.3,0.91388,0.99185
CVE-2012-1879,cvssMetricV31,8.1,0.95301,0.99537
CVE-2012-1889,cvssMetricV31,8.8,0.95365,0.99544
CVE-2012-2122,cvssMetricV2,5.1,0.957,0.99592
CVE-2012-2311,cvssMetricV2,7.5,0.93093,0.99307
CVE-2012-2414,cvssMetricV2,6.5,0.91888,0.99222
CVE-2012-2415,cvssMetricV2,6.5,0.91865,0.9922
CVE-2012-2536,cvssMetricV2,4.3,0.95309,0.99537
CVE-2012-2551,cvssMetricV2,5.0,0.95783,0.99607
CVE-2012-2552,cvssMetricV2,4.3,0.90186,0.9911
CVE-2012-2763,cvssMetricV2,7.5,0.95399,0.99551
CVE-2012-2948,cvssMetricV2,4.0,0.96112,0.99659
CVE-2012-2957,cvssMetricV2,7.2,0.91931,0.99224
CVE-2012-2962,cvssMetricV2,6.5,0.9717,0.99905
CVE-2012-2982,cvssMetricV2,6.5,0.97131,0.99894
CVE-2012-3153,cvssMetricV2,6.4,0.9194,0.99225
CVE-2012-3399,cvssMetricV2,7.5,0.91688,0.99209
CVE-2012-4775,cvssMetricV31,8.8,0.91657,0.99207
CVE-2012-4792,cvssMetricV31,8.8,0.93648,0.99356
CVE-2012-4933,cvssMetricV2,7.8,0.96924,0.99839
CVE-2012-4957,cvssMetricV2,7.8,0.97215,0.9992
CVE-2012-4958,cvssMetricV2,7.8,0.97401,0.99968
CVE-2012-5002,cvssMetricV2,6.8,0.92925,0.99296
CVE-2012-5223,cvssMetricV2,7.5,0.92906,0.99294
CVE-2012-5613,cvssMetricV2,6.0,0.96282,0.99696
CVE-2012-5643,cvssMetricV2,5.0,0.93186,0.99313
CVE-2012-6081,cvssMetricV2,6.0,0.94681,0.99462
CVE-2012-6274,cvssMetricV2,5.0,0.95244,0.99529
CVE-2012-6435,cvssMetricV2,7.8,0.96177,0.99671
CVE-2012-6436,cvssMetricV2,7.8,0.93377,0.99331
CVE-2012-6438,cvssMetricV2,7.8,0.93377,0.99331
CVE-2012-6442,cvssMetricV2,7.8,0.92264,0.99247
CVE-2013-0006,cvssMetricV31,8.8,0.95141,0.99518
CVE-2013-0074,cvssMetricV31,7.8,0.93861,0.99379
CVE-2013-0075,cvssMetricV2,7.8,0.94251,0.99411
CVE-2013-0080,cvssMetricV2,7.5,0.94474,0.99437
CVE-2013-0108,cvssMetricV2,6.8,0.90033,0.99098
CVE-2013-0156,cvssMetricV2,7.5,0.96223,0.99681
CVE-2013-0229,cvssMetricV2,7.8,0.97157,0.99901
CVE-2013-0333,cvssMetricV2,7.5,0.97138,0.99896
CVE-2013-0431,cvssMetricV31,5.3,0.90934,0.99157
CVE-2013-0810,cvssMetricV31,8.1,0.96935,0.99842
CVE-2013-0930,cvssMetricV2,7.6,0.91854,0.99219
CVE-2013-1081,cvssMetricV2,7.5,0.96926,0.9984
CVE-2013-1082,cvssMetricV2,7.5,0.95043,0.9951
CVE-2013-1084,cvssMetricV2,5.0,0.94601,0.99452
CVE-2013-1281,cvssMetricV2,7.1,0.95032,0.99507
CVE-2013-1305,cvssMetricV2,7.8,0.95437,0.99555
CVE-2013-1331,cvssMetricV31,7.8,0.95281,0.99533
CVE-2013-1336,cvssMetricV2,5.0,0.94585,0.9945
CVE-2013-1347,cvssMetricV31,8.8,0.96519,0.99744
CVE-2013-1362,cvssMetricV2,7.5,0.93342,0.99327
CVE-2013-1391,cvssMetricV31,7.5,0.95169,0.99521
CVE-2013-1412,cvssMetricV2,7.5,0.94817,0.99479
CVE-2013-1416,cvssMetricV2,4.0,0.9408,0.99398
CVE-2013-1559,cvssMetricV2,4.0,0.94197,0.99407
CVE-2013-1814,cvssMetricV2,4.0,0.96713,0.99789
CVE-2013-1839,cvssMetricV2,7.8,0.90836,0.99151
CVE-2013-1899,cvssMetricV2,6.5,0.96822,0.99812
CVE-2013-2248,cvssMetricV2,5.8,0.96715,0.9979
CVE-2013-2370,cvssMetricV2,7.5,0.96831,0.99817
CVE-2013-2423,cvssMetricV2,4.3,0.96598,0.99764
CVE-2013-2551,cvssMetricV31,8.8,0.93445,0.99338
CVE-2013-2641,cvssMetricV2,5.0,0.90752,0.99148
CVE-2013-2678,cvssMetricV31,8.1,0.93697,0.99361
CVE-2013-3163,cvssMetricV31,8.8,0.93461,0.99339
CVE-2013-3238,cvssMetricV2,6.0,0.972,0.99913
CVE-2013-3336,cvssMetricV2,5.0,0.97069,0.99877
CVE-2013-3520,cvssMetricV2,7.5,0.97261,0.99929
CVE-2013-3568,cvssMetricV31,8.8,0.97275,0.99934
CVE-2013-3591,cvssMetricV31,8.8,0.96516,0.99744
CVE-2013-3628,cvssMetricV31,8.8,0.96441,0.9973
CVE-2013-3629,cvssMetricV31,8.8,0.94843,0.99483
CVE-2013-3706,cvssMetricV2,5.0,0.94504,0.9944
CVE-2013-3763,cvssMetricV2,5.5,0.96469,0.99735
CVE-2013-3894,cvssMetricV31,8.1,0.93123,0.9931
CVE-2013-3897,cvssMetricV31,8.8,0.96868,0.99823
CVE-2013-3906,cvssMetricV31,7.8,0.96969,0.99852
CVE-2013-3908,cvssMetricV2,4.3,0.90366,0.99122
CVE-2013-4123,cvssMetricV2,5.0,0.90645,0.99141
CVE-2013-4124,cvssMetricV2,5.0,0.96811,0.99809
CVE-2013-4152,cvssMetricV2,6.8,0.93667,0.99358
CVE-2013-4212,cvssMetricV2,6.8,0.94296,0.99418
CVE-2013-4449,cvssMetricV2,4.3,0.94004,0.9939
CVE-2013-4660,cvssMetricV2,6.8,0.96231,0.99682
CVE-2013-4823,cvssMetricV2,5.0,0.96598,0.99763
CVE-2013-4824,cvssMetricV2,7.5,0.96489,0.99738
CVE-2013-4835,cvssMetricV2,7.5,0.97037,0.9987
CVE-2013-4854,cvssMetricV2,7.8,0.92298,0.9925
CVE-2013-5093,cvssMetricV2,6.8,0.95644,0.99586
CVE-2013-5211,cvssMetricV2,5.0,0.92568,0.99267
CVE-2013-5447,cvssMetricV2,6.8,0.96924,0.99839
CVE-2013-5487,cvssMetricV2,7.8,0.92167,0.99241
CVE-2013-6117,cvssMetricV2,7.5,0.95705,0.99593
CVE-2013-6282,cvssMetricV31,8.8,0.95135,0.99518
CVE-2013-6420,cvssMetricV2,7.5,0.9528,0.99532
CVE-2013-6449,cvssMetricV2,4.3,0.92097,0.99237
CVE-2013-7091,cvssMetricV2,5.0,0.96674,0.99782
CVE-2013-7108,cvssMetricV2,5.5,0.91509,0.99193
CVE-2013-7260,cvssMetricV2,7.5,0.9596,0.99633
CVE-2014-0094,cvssMetricV2,5.0,0.96676,0.99782
CVE-2014-0112,cvssMetricV2,7.5,0.97176,0.99906
CVE-2014-0113,cvssMetricV2,7.5,0.92485,0.9926
CVE-2014-0114,cvssMetricV2,7.5,0.97197,0.99912
CVE-2014-0117,cvssMetricV2,4.3,0.93881,0.9938
CVE-2014-0160,cvssMetricV31,7.5,0.97432,0.99976
CVE-2014-0195,cvssMetricV2,6.8,0.95968,0.99635
CVE-2014-0221,cvssMetricV2,4.3,0.96461,0.99733
CVE-2014-0224,cvssMetricV31,7.4,0.97539,0.99998
CVE-2014-0226,cvssMetricV2,6.8,0.95745,0.99601
CVE-2014-0227,cvssMetricV2,6.4,0.95237,0.99528
CVE-2014-0255,cvssMetricV2,5.0,0.95381,0.99548
CVE-2014-0256,cvssMetricV2,5.0,0.95381,0.99548
CVE-2014-0315,cvssMetricV2,6.9,0.91448,0.99189
CVE-2014-0322,cvssMetricV31,8.8,0.97208,0.99915
CVE-2014-10021,cvssMetricV2,7.5,0.90559,0.99135
CVE-2014-1649,cvssMetricV2,7.9,0.97437,0.99977
CVE-2014-1683,cvssMetricV2,6.8,0.94089,0.99398
CVE-2014-1691,cvssMetricV2,7.5,0.9449,0.99439
CVE-2014-1903,cvssMetricV2,7.5,0.96068,0.99654
CVE-2014-2270,cvssMetricV2,4.3,0.94887,0.99489
CVE-2014-2276,cvssMetricV2,5.0,0.946,0.99452
CVE-2014-2424,cvssMetricV2,4.0,0.97257,0.99928
CVE-2014-2614,cvssMetricV2,7.5,0.90311,0.99116
CVE-2014-3470,cvssMetricV2,4.3,0.97012,0.9986
CVE-2014-3507,cvssMetricV2,5.0,0.90267,0.99115
CVE-2014-3560,cvssMetricV2,7.9,0.90286,0.99115
CVE-2014-3566,cvssMetricV2,4.3,0.97444,0.99978
CVE-2014-3609,cvssMetricV2,5.0,0.94674,0.99461
CVE-2014-3669,cvssMetricV2,7.5,0.94245,0.9941
CVE-2014-3704,cvssMetricV2,7.5,0.9739,0.99966
CVE-2014-3996,cvssMetricV2,7.5,0.9219,0.99243
CVE-2014-4049,cvssMetricV2,5.1,0.94273,0.99416
CVE-2014-4114,cvssMetricV31,7.8,0.96411,0.99723
CVE-2014-4140,cvssMetricV2,4.3,0.92984,0.99299
CVE-2014-4210,cvssMetricV2,5.0,0.95899,0.99625
CVE-2014-4511,cvssMetricV2,7.5,0.95717,0.99596
CVE-2014-4880,cvssMetricV2,7.5,0.95016,0.99504
CVE-2014-4977,cvssMetricV2,6.5,0.96062,0.99653
CVE-2014-5005,cvssMetricV2,7.5,0.96857,0.9982
CVE-2014-5160,cvssMetricV2,6.4,0.95652,0.99587
CVE-2014-5301,cvssMetricV30,8.8,0.96643,0.99776
CVE-2014-5355,cvssMetricV2,5.0,0.94378,0.99428
CVE-2014-5445,cvssMetricV2,5.0,0.96278,0.99695
CVE-2014-5460,cvssMetricV2,6.5,0.94697,0.99463
CVE-2014-5504,cvssMetricV2,7.5,0.93996,0.99389
CVE-2014-5519,cvssMetricV2,7.5,0.93315,0.99327
CVE-2014-6034,cvssMetricV2,5.0,0.95922,0.99627
CVE-2014-6037,cvssMetricV2,7.5,0.96146,0.99668
CVE-2014-6041,cvssMetricV2,5.8,0.9067,0.99142
CVE-2014-6324,cvssMetricV31,8.8,0.96414,0.99724
CVE-2014-6328,cvssMetricV2,5.0,0.9053,0.9913
CVE-2014-6332,cvssMetricV31,8.8,0.95642,0.99585
CVE-2014-6352,cvssMetricV31,7.8,0.95653,0.99588
CVE-2014-6365,cvssMetricV2,4.3,0.95844,0.99616
CVE-2014-7141,cvssMetricV2,6.4,0.90245,0.99113
CVE-2014-7228,cvssMetricV2,7.5,0.95452,0.99557
CVE-2014-7863,cvssMetricV31,7.5,0.97176,0.99906
CVE-2014-7866,cvssMetricV2,7.5,0.91987,0.9923
CVE-2014-7868,cvssMetricV2,7.5,0.91565,0.99199
CVE-2014-8394,cvssMetricV2,4.6,0.96476,0.99736
CVE-2014-8395,cvssMetricV2,4.6,0.96245,0.99686
CVE-2014-8396,cvssMetricV2,4.6,0.96245,0.99686
CVE-2014-8397,cvssMetricV2,4.6,0.96245,0.99686
CVE-2014-8398,cvssMetricV2,4.6,0.96476,0.99736
CVE-2014-8517,cvssMetricV2,7.5,0.94755,0.99472
CVE-2014-8730,cvssMetricV2,4.3,0.90068,0.991
CVE-2014-8998,cvssMetricV2,6.5,0.93587,0.99349
CVE-2014-9264,cvssMetricV2,7.5,0.92894,0.99294
CVE-2014-9312,cvssMetricV30,8.8,0.94317,0.9942
CVE-2014-9566,cvssMetricV2,7.5,0.93904,0.99383
CVE-2014-9862,cvssMetricV30,7.8,0.94358,0.99425
CVE-2015-0015,cvssMetricV2,7.8,0.91702,0.99211
CVE-2015-0072,cvssMetricV2,4.3,0.96649,0.99776
CVE-2015-0204,cvssMetricV2,4.3,0.94879,0.99487
CVE-2015-0273,cvssMetricV2,7.5,0.94395,0.99429
CVE-2015-0495,cvssMetricV2,7.5,0.90325,0.99118
CVE-2015-0666,cvssMetricV2,7.8,0.97024,0.99864
CVE-2015-0795,cvssMetricV2,6.8,0.93892,0.99381
CVE-2015-1172,cvssMetricV2,7.5,0.94182,0.99406
CVE-2015-1500,cvssMetricV2,6.8,0.92049,0.99234
CVE-2015-1545,cvssMetricV2,5.0,0.96146,0.99668
CVE-2015-1592,cvssMetricV2,7.5,0.9481,0.99478
CVE-2015-1605,cvssMetricV2,7.5,0.9596,0.99633
CVE-2015-1641,cvssMetricV31,7.8,0.92046,0.99234
CVE-2015-1642,cvssMetricV31,7.8,0.95213,0.99526
CVE-2015-1941,cvssMetricV2,7.8,0.91607,0.99203
CVE-2015-2061,cvssMetricV2,7.5,0.9228,0.99249
CVE-2015-2094,cvssMetricV2,7.5,0.94304,0.99419
CVE-2015-2097,cvssMetricV2,7.5,0.92624,0.99274
CVE-2015-2208,cvssMetricV2,7.5,0.96252,0.99688
CVE-2015-2331,cvssMetricV2,7.5,0.94996,0.99502
CVE-2015-2426,cvssMetricV31,8.8,0.96452,0.99732
CVE-2015-2502,cvssMetricV31,8.8,0.91434,0.99188
CVE-2015-2545,cvssMetricV31,7.8,0.95514,0.99564
CVE-2015-2856,cvssMetricV30,7.5,0.96568,0.99756
CVE-2015-2993,cvssMetricV2,7.5,0.91407,0.99186
CVE-2015-3035,cvssMetricV31,7.5,0.94325,0.9942
CVE-2015-3194,cvssMetricV31,7.5,0.93759,0.99367
CVE-2015-3224,cvssMetricV2,4.3,0.90793,0.99149
CVE-2015-4000,cvssMetricV2,4.3,0.96891,0.9983
CVE-2015-4495,cvssMetricV31,8.8,0.90466,0.99128
CVE-2015-4648,cvssMetricV2,7.5,0.90328,0.99118
CVE-2015-5477,cvssMetricV2,7.8,0.96686,0.99784
CVE-2015-5531,cvssMetricV2,5.0,0.96825,0.99815
CVE-2015-5685,cvssMetricV2,7.5,0.90224,0.99112
CVE-2015-5722,cvssMetricV2,7.8,0.96122,0.99661
CVE-2015-5986,cvssMetricV2,7.1,0.94228,0.99408
CVE-2015-6053,cvssMetricV2,5.0,0.9506,0.99511
CVE-2015-6086,cvssMetricV2,4.3,0.9388,0.9938
CVE-2015-6522,cvssMetricV2,7.5,0.96957,0.99849
CVE-2015-6908,cvssMetricV2,5.0,0.94595,0.99451
CVE-2015-6973,cvssMetricV2,6.8,0.94074,0.99397
CVE-2015-7007,cvssMetricV2,7.5,0.97212,0.99918
CVE-2015-7297,cvssMetricV2,7.5,0.97443,0.99978
CVE-2015-7547,cvssMetricV30,8.1,0.97224,0.99922
CVE-2015-7645,cvssMetricV31,7.8,0.94876,0.99487
CVE-2015-7704,cvssMetricV31,7.5,0.90364,0.99121
CVE-2015-7855,cvssMetricV31,6.5,0.9442,0.9943
CVE-2015-8000,cvssMetricV2,5.0,0.94564,0.99448
CVE-2015-8039,cvssMetricV2,6.8,0.9232,0.99253
CVE-2015-8399,cvssMetricV30,4.3,0.96297,0.997
CVE-2015-8562,cvssMetricV2,7.5,0.96652,0.99777
CVE-2015-8704,cvssMetricV30,6.5,0.96083,0.99655
CVE-2016-0005,cvssMetricV30,4.3,0.95715,0.99596
CVE-2016-0033,cvssMetricV30,7.5,0.95358,0.99543
CVE-2016-0050,cvssMetricV30,5.3,0.95181,0.99523
CVE-2016-0151,cvssMetricV31,7.8,0.92691,0.99277
CVE-2016-0168,cvssMetricV30,6.5,0.91948,0.99226
CVE-2016-0169,cvssMetricV30,6.5,0.91948,0.99226
CVE-2016-0185,cvssMetricV31,7.8,0.94291,0.99417
CVE-2016-0189,cvssMetricV31,7.5,0.96948,0.99847
CVE-2016-0491,cvssMetricV2,6.4,0.9336,0.99328
CVE-2016-0492,cvssMetricV2,6.4,0.96376,0.99715
CVE-2016-0752,cvssMetricV31,7.5,0.97293,0.99941
CVE-2016-0792,cvssMetricV30,8.8,0.96813,0.9981
CVE-2016-0800,cvssMetricV30,5.9,0.93499,0.99342
CVE-2016-1008,cvssMetricV30,8.4,0.96637,0.99774
CVE-2016-1010,cvssMetricV31,8.8,0.93698,0.99362
CVE-2016-10401,cvssMetricV30,8.8,0.93133,0.9931
CVE-2016-1096,cvssMetricV30,7.5,0.94766,0.99475
CVE-2016-1101,cvssMetricV30,7.5,0.94954,0.99497
CVE-2016-1102,cvssMetricV30,7.5,0.94766,0.99475
CVE-2016-11021,cvssMetricV31,7.2,0.94709,0.99465
CVE-2016-1103,cvssMetricV30,7.5,0.94954,0.99497
CVE-2016-1104,cvssMetricV30,7.5,0.94766,0.99475
CVE-2016-1105,cvssMetricV30,7.5,0.94954,0.99497
CVE-2016-1106,cvssMetricV30,7.5,0.94954,0.99497
CVE-2016-1960,cvssMetricV30,8.8,0.95448,0.99556
CVE-2016-2098,cvssMetricV30,7.3,0.92574,0.99268
CVE-2016-2107,cvssMetricV31,5.9,0.97018,0.99862
CVE-2016-2123,cvssMetricV31,8.8,0.9072,0.99146
CVE-2016-2569,cvssMetricV30,7.5,0.9574,0.99599
CVE-2016-2776,cvssMetricV30,7.5,0.97143,0.99898
CVE-2016-3081,cvssMetricV30,8.1,0.97511,0.99993
CVE-2016-3203,cvssMetricV30,7.8,0.91906,0.99222
CVE-2016-3213,cvssMetricV30,8.8,0.90077,0.99101
CVE-2016-3222,cvssMetricV30,8.8,0.92356,0.99254
CVE-2016-3244,cvssMetricV30,4.3,0.90378,0.99122
CVE-2016-3247,cvssMetricV30,7.5,0.94337,0.99422
CVE-2016-3288,cvssMetricV30,7.5,0.92439,0.99258
CVE-2016-3386,cvssMetricV30,7.5,0.93983,0.99387
CVE-2016-3393,cvssMetricV31,7.8,0.94264,0.99413
CVE-2016-3714,cvssMetricV31,8.4,0.97209,0.99917
CVE-2016-3718,cvssMetricV31,5.5,0.93884,0.99381
CVE-2016-3976,cvssMetricV31,7.5,0.96864,0.99822
CVE-2016-4108,cvssMetricV30,7.5,0.94954,0.99497
CVE-2016-4971,cvssMetricV31,8.8,0.92968,0.99298
CVE-2016-5312,cvssMetricV30,6.5,0.91201,0.99176
CVE-2016-5385,cvssMetricV31,8.1,0.94015,0.9939
CVE-2016-5388,cvssMetricV30,8.1,0.96332,0.99705
CVE-2016-6277,cvssMetricV31,8.8,0.97169,0.99904
CVE-2016-6366,cvssMetricV31,8.8,0.96799,0.99807
CVE-2016-6367,cvssMetricV31,7.8,0.93847,0.99375
CVE-2016-6415,cvssMetricV31,7.5,0.96624,0.99769
CVE-2016-6601,cvssMetricV30,7.5,0.97359,0.99957
CVE-2016-7189,cvssMetricV30,7.5,0.9118,0.99174
CVE-2016-7190,cvssMetricV30,7.5,0.95886,0.99622
CVE-2016-7193,cvssMetricV31,7.8,0.9568,0.9959
CVE-2016-7194,cvssMetricV30,7.5,0.95355,0.99542
CVE-2016-7200,cvssMetricV31,8.8,0.96056,0.99652
CVE-2016-7201,cvssMetricV31,8.8,0.96349,0.99709
CVE-2016-7203,cvssMetricV30,7.5,0.902,0.99111
CVE-2016-7212,cvssMetricV30,7.8,0.92281,0.99249
CVE-2016-7237,cvssMetricV30,6.5,0.90825,0.9915
CVE-2016-7240,cvssMetricV30,7.5,0.902,0.99111
CVE-2016-7256,cvssMetricV31,8.8,0.94597,0.99451
CVE-2016-7434,cvssMetricV31,7.5,0.96513,0.99743
CVE-2016-8207,cvssMetricV30,7.5,0.92612,0.99273
CVE-2016-8864,cvssMetricV31,7.5,0.92917,0.99295
CVE-2016-9079,cvssMetricV31,7.5,0.95334,0.9954
CVE-2016-9244,cvssMetricV30,7.5,0.93376,0.9933
CVE-2017-0004,cvssMetricV30,7.5,0.90678,0.99144
CVE-2017-0037,cvssMetricV31,8.1,0.94229,0.99409
CVE-2017-0038,cvssMetricV30,5.5,0.96606,0.99765
CVE-2017-0143,cvssMetricV31,8.8,0.96813,0.9981
CVE-2017-0144,cvssMetricV31,8.8,0.96953,0.99848
CVE-2017-0145,cvssMetricV31,8.8,0.96691,0.99784
CVE-2017-0146,cvssMetricV31,8.8,0.97189,0.99909
CVE-2017-0147,cvssMetricV31,7.5,0.9483,0.99482
CVE-2017-0148,cvssMetricV31,8.1,0.96911,0.99837
CVE-2017-0199,cvssMetricV31,7.8,0.97459,0.99982
CVE-2017-0215,cvssMetricV30,5.3,0.94918,0.99493
CVE-2017-0222,cvssMetricV31,8.8,0.91542,0.99197
CVE-2017-0261,cvssMetricV31,7.8,0.95649,0.99587
CVE-2017-1000028,cvssMetricV30,7.5,0.97276,0.99935
CVE-2017-10271,cvssMetricV31,7.5,0.96904,0.99836
CVE-2017-10974,cvssMetricV30,7.5,0.90892,0.99154
CVE-2017-1129,cvssMetricV30,6.5,0.92396,0.99255
CVE-2017-1130,cvssMetricV30,6.5,0.92628,0.99274
CVE-2017-11512,cvssMetricV30,7.5,0.92568,0.99267
CVE-2017-11610,cvssMetricV30,8.8,0.97446,0.99979
CVE-2017-11882,cvssMetricV31,7.8,0.97419,0.99972
CVE-2017-12243,cvssMetricV30,7.8,0.93175,0.99313
CVE-2017-12544,cvssMetricV30,5.4,0.9557,0.99573
CVE-2017-12615,cvssMetricV31,8.1,0.96554,0.99751
CVE-2017-12617,cvssMetricV31,8.1,0.97324,0.9995
CVE-2017-14098,cvssMetricV30,7.5,0.90566,0.99136
CVE-2017-14495,cvssMetricV30,7.5,0.92217,0.99245
CVE-2017-15715,cvssMetricV30,8.1,0.95355,0.99543
CVE-2017-15908,cvssMetricV31,7.5,0.9209,0.99237
CVE-2017-17562,cvssMetricV31,8.1,0.97316,0.99948
CVE-2017-17692,cvssMetricV30,7.5,0.90524,0.9913
CVE-2017-17850,cvssMetricV30,7.5,0.9176,0.99213
CVE-2017-18048,cvssMetricV30,8.8,0.91093,0.9917
CVE-2017-3737,cvssMetricV30,5.9,0.92159,0.99241
CVE-2017-3823,cvssMetricV30,8.8,0.94992,0.99501
CVE-2017-5521,cvssMetricV31,8.1,0.97222,0.99921
CVE-2017-5715,cvssMetricV31,5.6,0.97469,0.99984
CVE-2017-5753,cvssMetricV31,5.6,0.97542,0.99999
CVE-2017-5754,cvssMetricV30,5.6,0.97132,0.99895
CVE-2017-6090,cvssMetricV30,8.8,0.9696,0.9985
CVE-2017-6190,cvssMetricV30,7.5,0.92871,0.9929
CVE-2017-6331,cvssMetricV31,7.1,0.93689,0.9936
CVE-2017-6334,cvssMetricV31,8.8,0.9655,0.99749
CVE-2017-6527,cvssMetricV30,7.5,0.90181,0.99109
CVE-2017-6884,cvssMetricV31,8.8,0.96301,0.99702
CVE-2017-7310,cvssMetricV30,7.8,0.92691,0.99278
CVE-2017-7413,cvssMetricV30,8.8,0.94773,0.99476
CVE-2017-7442,cvssMetricV30,8.8,0.96235,0.99683
CVE-2017-7529,cvssMetricV31,7.5,0.9485,0.99484
CVE-2017-7615,cvssMetricV31,8.8,0.96952,0.99848
CVE-2017-8464,cvssMetricV31,8.8,0.9719,0.9991
CVE-2017-8570,cvssMetricV31,7.8,0.93973,0.99386
CVE-2017-8759,cvssMetricV31,7.8,0.94835,0.99482
CVE-2017-9080,cvssMetricV30,8.8,0.94607,0.99454
CVE-2017-9793,cvssMetricV30,7.5,0.9133,0.9918
CVE-2017-9798,cvssMetricV31,7.5,0.97357,0.99956
CVE-2017-9805,cvssMetricV31,8.1,0.97408,0.9997
CVE-2017-9822,cvssMetricV31,8.8,0.97214,0.99919
CVE-2018-0296,cvssMetricV31,7.5,0.97315,0.99948
CVE-2018-0749,cvssMetricV30,7.8,0.95714,0.99595
CVE-2018-0767,cvssMetricV30,5.3,0.94522,0.99442
CVE-2018-0780,cvssMetricV30,5.3,0.90644,0.9914
CVE-2018-0798,cvssMetricV31,8.8,0.94134,0.99402
CVE-2018-0802,cvssMetricV31,7.8,0.95804,0.9961
CVE-2018-0824,cvssMetricV31,8.8,0.97041,0.99871
CVE-2018-0877,cvssMetricV30,7.8,0.95723,0.99597
CVE-2018-0952,cvssMetricV30,7.8,0.95655,0.99588
CVE-2018-0975,cvssMetricV30,5.5,0.9296,0.99297
CVE-2018-1000006,cvssMetricV30,8.8,0.9663,0.99771
CVE-2018-1000115,cvssMetricV30,7.5,0.93934,0.99385
CVE-2018-1000600,cvssMetricV30,8.8,0.95745,0.99601
CVE-2018-1038,cvssMetricV30,7.8,0.96739,0.99795
CVE-2018-10823,cvssMetricV31,8.8,0.96057,0.99652
CVE-2018-1111,cvssMetricV30,7.5,0.9703,0.99866
CVE-2018-11615,cvssMetricV30,7.5,0.95385,0.99549
CVE-2018-11646,cvssMetricV30,7.5,0.90744,0.99148
CVE-2018-11759,cvssMetricV30,7.5,0.95715,0.99595
CVE-2018-11770,cvssMetricV31,4.2,0.96656,0.99778
CVE-2018-11776,cvssMetricV31,8.1,0.97362,0.99957
CVE-2018-12613,cvssMetricV31,8.8,0.97324,0.9995
CVE-2018-12998,cvssMetricV31,6.1,0.94837,0.99483
CVE-2018-1303,cvssMetricV30,7.5,0.95215,0.99526
CVE-2018-1306,cvssMetricV30,7.5,0.91592,0.99202
CVE-2018-13330,cvssMetricV30,7.2,0.96915,0.99838
CVE-2018-1335,cvssMetricV30,8.1,0.97306,0.99945
CVE-2018-13358,cvssMetricV30,8.8,0.94355,0.99425
CVE-2018-13418,cvssMetricV30,8.8,0.94355,0.99425
CVE-2018-14912,cvssMetricV30,7.5,0.94988,0.99501
CVE-2018-15535,cvssMetricV30,7.5,0.93462,0.99339
CVE-2018-15745,cvssMetricV30,7.5,0.94352,0.99423
CVE-2018-15877,cvssMetricV31,8.8,0.96405,0.99722
CVE-2018-16509,cvssMetricV30,7.8,0.95834,0.99615
CVE-2018-16858,cvssMetricV30,7.8,0.97005,0.99858
CVE-2018-17463,cvssMetricV31,8.8,0.96533,0.99747
CVE-2018-18264,cvssMetricV30,7.5,0.90329,0.99119
CVE-2018-18323,cvssMetricV30,7.5,0.90966,0.99159
CVE-2018-18778,cvssMetricV30,6.5,0.9358,0.99348
CVE-2018-19422,cvssMetricV31,7.2,0.90442,0.99127
CVE-2018-19518,cvssMetricV31,7.5,0.93901,0.99382
CVE-2018-20250,cvssMetricV31,7.8,0.97357,0.99956
CVE-2018-4441,cvssMetricV30,8.8,0.91832,0.99218
CVE-2018-4993,cvssMetricV30,7.5,0.96316,0.99703
CVE-2018-5390,cvssMetricV31,7.5,0.94424,0.9943
CVE-2018-6065,cvssMetricV31,8.8,0.96274,0.99693
CVE-2018-6849,cvssMetricV30,4.3,0.90521,0.99129
CVE-2018-7422,cvssMetricV30,7.5,0.93556,0.99346
CVE-2018-7490,cvssMetricV30,7.5,0.90908,0.99155
CVE-2018-8065,cvssMetricV30,7.5,0.92803,0.99285
CVE-2018-8120,cvssMetricV31,7.0,0.97494,0.99989
CVE-2018-8174,cvssMetricV31,7.5,0.96664,0.9978
CVE-2018-8288,cvssMetricV30,7.5,0.93504,0.99342
CVE-2018-8291,cvssMetricV30,7.5,0.93208,0.99317
CVE-2018-8355,cvssMetricV30,7.5,0.91167,0.99173
CVE-2018-8414,cvssMetricV31,8.8,0.93451,0.99339
CVE-2018-8440,cvssMetricV31,7.8,0.96541,0.99748
CVE-2018-8453,cvssMetricV31,7.8,0.96003,0.99642
CVE-2018-8550,cvssMetricV30,7.8,0.95559,0.99571
CVE-2018-8617,cvssMetricV30,7.5,0.94969,0.995
CVE-2018-8631,cvssMetricV30,7.5,0.92861,0.99289
CVE-2019-0193,cvssMetricV31,7.2,0.92998,0.993
CVE-2019-0211,cvssMetricV31,7.8,0.96418,0.99724
CVE-2019-0232,cvssMetricV30,8.1,0.97353,0.99955
CVE-2019-0539,cvssMetricV30,7.5,0.92438,0.99257
CVE-2019-0541,cvssMetricV31,8.8,0.96559,0.99753
CVE-2019-0568,cvssMetricV30,7.5,0.93646,0.99356
CVE-2019-0752,cvssMetricV31,7.5,0.95853,0.99618
CVE-2019-0768,cvssMetricV30,4.3,0.96102,0.99657
CVE-2019-10267,cvssMetricV30,8.8,0.94563,0.99447
CVE-2019-10392,cvssMetricV31,8.8,0.92422,0.99257
CVE-2019-10475,cvssMetricV31,6.1,0.9705,0.99873
CVE-2019-10669,cvssMetricV31,7.2,0.93143,0.99311
CVE-2019-10867,cvssMetricV30,8.8,0.94881,0.99488
CVE-2019-11043,cvssMetricV31,8.7,0.96691,0.99785
CVE-2019-11409,cvssMetricV31,8.8,0.96,0.99641
CVE-2019-11477,cvssMetricV31,7.5,0.96425,0.99727
CVE-2019-11478,cvssMetricV30,5.3,0.95622,0.99582
CVE-2019-11479,cvssMetricV31,7.5,0.96642,0.99775
CVE-2019-11539,cvssMetricV31,7.2,0.96576,0.99758
CVE-2019-11600,cvssMetricV30,8.1,0.96297,0.99701
CVE-2019-12257,cvssMetricV31,8.8,0.91767,0.99214
CVE-2019-12276,cvssMetricV30,7.5,0.93211,0.99318
CVE-2019-13720,cvssMetricV31,8.8,0.9703,0.99866
CVE-2019-1429,cvssMetricV31,7.5,0.93635,0.99353
CVE-2019-14322,cvssMetricV31,7.5,0.95772,0.99604
CVE-2019-1443,cvssMetricV31,6.5,0.91216,0.99177
CVE-2019-1458,cvssMetricV31,7.8,0.97137,0.99895
CVE-2019-1579,cvssMetricV31,8.1,0.95811,0.99611
CVE-2019-15949,cvssMetricV31,8.8,0.94124,0.99401
CVE-2019-15977,cvssMetricV31,7.5,0.96245,0.99686
CVE-2019-16097,cvssMetricV31,6.5,0.96311,0.99703
CVE-2019-16113,cvssMetricV31,8.8,0.95743,0.99601
CVE-2019-16123,cvssMetricV31,7.5,0.92204,0.99245
CVE-2019-1652,cvssMetricV31,7.2,0.97306,0.99945
CVE-2019-1653,cvssMetricV31,7.5,0.97406,0.99969
CVE-2019-16663,cvssMetricV31,8.8,0.96243,0.99685
CVE-2019-17558,cvssMetricV31,7.5,0.9752,0.99995
CVE-2019-1821,cvssMetricV30,8.8,0.96991,0.99855
CVE-2019-18217,cvssMetricV31,7.5,0.90962,0.99158
CVE-2019-19356,cvssMetricV31,7.5,0.96594,0.99762
CVE-2019-19509,cvssMetricV31,8.8,0.91916,0.99223
CVE-2019-19833,cvssMetricV31,6.5,0.95508,0.99563
CVE-2019-19985,cvssMetricV31,5.3,0.92306,0.99251
CVE-2019-20085,cvssMetricV31,7.5,0.95325,0.99539
CVE-2019-20499,cvssMetricV31,7.8,0.96111,0.99659
CVE-2019-2616,cvssMetricV31,7.2,0.94782,0.99477
CVE-2019-3398,cvssMetricV31,8.8,0.95551,0.9957
CVE-2019-5418,cvssMetricV31,7.5,0.97367,0.9996
CVE-2019-5645,cvssMetricV31,7.5,0.96293,0.99699
CVE-2019-5786,cvssMetricV31,6.5,0.96943,0.99845
CVE-2019-6340,cvssMetricV31,8.1,0.97373,0.99961
CVE-2019-7481,cvssMetricV31,7.5,0.93016,0.99301
CVE-2019-8394,cvssMetricV31,6.5,0.94989,0.99501
CVE-2019-8442,cvssMetricV31,7.5,0.96903,0.99835
CVE-2019-8451,cvssMetricV31,6.5,0.96901,0.99834
CVE-2019-8672,cvssMetricV31,8.8,0.93919,0.99384
CVE-2019-8689,cvssMetricV31,8.8,0.93919,0.99384
CVE-2019-9082,cvssMetricV31,8.8,0.97155,0.99901
CVE-2019-9193,cvssMetricV30,7.2,0.97369,0.9996
CVE-2019-9514,cvssMetricV31,7.5,0.91037,0.99164
CVE-2019-9624,cvssMetricV30,7.8,0.94516,0.99441
CVE-2019-9701,cvssMetricV30,4.8,0.95374,0.99546
CVE-2019-9810,cvssMetricV31,8.8,0.91723,0.99212
CVE-2019-9858,cvssMetricV31,8.8,0.95248,0.99529
CVE-2019-9978,cvssMetricV31,6.1,0.94674,0.99461
CVE-2020-0601,cvssMetricV31,8.1,0.9705,0.99873
CVE-2020-0618,cvssMetricV31,8.8,0.9738,0.99963
CVE-2020-0674,cvssMetricV31,7.5,0.96889,0.99828
CVE-2020-0688,cvssMetricV31,8.8,0.97164,0.99902
CVE-2020-10199,cvssMetricV31,8.8,0.97276,0.99935
CVE-2020-1020,cvssMetricV31,8.8,0.94607,0.99453
CVE-2020-10221,cvssMetricV31,8.8,0.96282,0.99696
CVE-2020-10808,cvssMetricV31,8.8,0.92766,0.99283
CVE-2020-11108,cvssMetricV31,8.8,0.96911,0.99837
CVE-2020-1147,cvssMetricV31,7.8,0.93829,0.99374
CVE-2020-11652,cvssMetricV31,6.5,0.97084,0.99882
CVE-2020-11738,cvssMetricV31,7.5,0.97206,0.99915
CVE-2020-11978,cvssMetricV31,8.8,0.97299,0.99942
CVE-2020-11991,cvssMetricV31,7.5,0.90087,0.99101
CVE-2020-12109,cvssMetricV31,8.8,0.9629,0.99698
CVE-2020-12116,cvssMetricV31,7.5,0.97083,0.99882
CVE-2020-13158,cvssMetricV31,7.5,0.96561,0.99754
CVE-2020-13851,cvssMetricV31,8.8,0.9674,0.99796
CVE-2020-13934,cvssMetricV31,7.5,0.91225,0.99177
CVE-2020-13937,cvssMetricV31,5.3,0.97419,0.99972
CVE-2020-14144,cvssMetricV31,7.2,0.97015,0.99861
CVE-2020-14181,cvssMetricV31,5.3,0.95811,0.99611
CVE-2020-1472,cvssMetricV31,5.5,0.96847,0.99819
CVE-2020-14883,cvssMetricV31,7.2,0.96313,0.99703
CVE-2020-15227,cvssMetricV31,8.7,0.95948,0.99631
CVE-2020-15867,cvssMetricV31,7.2,0.96368,0.99713
CVE-2020-16009,cvssMetricV31,8.8,0.94491,0.99439
CVE-2020-17505,cvssMetricV31,8.8,0.95255,0.99531
CVE-2020-17518,cvssMetricV31,7.5,0.9527,0.99532
CVE-2020-17519,cvssMetricV31,7.5,0.97152,0.999
CVE-2020-1956,cvssMetricV31,8.8,0.96285,0.99697
CVE-2020-2038,cvssMetricV31,7.2,0.94961,0.99498
CVE-2020-2096,cvssMetricV31,6.1,0.94674,0.99461
CVE-2020-24949,cvssMetricV31,8.8,0.93256,0.99322
CVE-2020-25042,cvssMetricV31,7.2,0.91512,0.99194
CVE-2020-25078,cvssMetricV31,7.5,0.90589,0.99136
CVE-2020-25540,cvssMetricV31,7.5,0.96271,0.99692
CVE-2020-26217,cvssMetricV31,8.0,0.97308,0.99946
CVE-2020-28429,cvssMetricV31,7.3,0.97212,0.99918
CVE-2020-28949,cvssMetricV31,7.8,0.96974,0.99853
CVE-2020-3452,cvssMetricV31,7.5,0.97444,0.99978
CVE-2020-35578,cvssMetricV31,7.2,0.95187,0.99525
CVE-2020-35774,cvssMetricV31,5.4,0.96994,0.99857
CVE-2020-3580,cvssMetricV31,6.1,0.96865,0.99822
CVE-2020-36193,cvssMetricV31,7.5,0.9487,0.99486
CVE-2020-36289,cvssMetricV31,5.3,0.96248,0.99687
CVE-2020-4430,cvssMetricV31,4.3,0.95683,0.9959
CVE-2020-5192,cvssMetricV31,8.8,0.90262,0.99114
CVE-2020-5410,cvssMetricV31,7.5,0.96942,0.99844
CVE-2020-5791,cvssMetricV31,7.2,0.96218,0.9968
CVE-2020-5849,cvssMetricV31,7.5,0.96915,0.99837
CVE-2020-6418,cvssMetricV31,8.8,0.96485,0.99737
CVE-2020-7246,cvssMetricV31,8.8,0.9694,0.99843
CVE-2020-7351,cvssMetricV31,7.3,0.93195,0.99316
CVE-2020-8163,cvssMetricV31,8.8,0.96328,0.99704
CVE-2020-8193,cvssMetricV31,6.5,0.96854,0.99819
CVE-2020-8194,cvssMetricV31,6.5,0.97066,0.99876
CVE-2020-8209,cvssMetricV31,7.5,0.97034,0.99868
CVE-2020-8450,cvssMetricV31,7.3,0.94043,0.99392
CVE-2020-8604,cvssMetricV31,7.5,0.97221,0.99921
CVE-2020-8605,cvssMetricV31,8.8,0.90611,0.99137
CVE-2020-8617,cvssMetricV31,7.5,0.97244,0.99925
CVE-2020-8816,cvssMetricV31,7.2,0.97014,0.99861
CVE-2020-9315,cvssMetricV31,7.5,0.96895,0.99832
CVE-2020-9376,cvssMetricV31,7.5,0.91699,0.99211
CVE-2020-9377,cvssMetricV31,8.8,0.96142,0.99666
CVE-2020-9484,cvssMetricV31,7.0,0.93311,0.99326
CVE-2020-9496,cvssMetricV31,6.1,0.9234,0.99253
CVE-2021-1499,cvssMetricV31,5.3,0.95124,0.99517
CVE-2021-1675,cvssMetricV31,7.8,0.96432,0.99728
CVE-2021-20023,cvssMetricV31,4.9,0.92204,0.99245
CVE-2021-20167,cvssMetricV31,8.0,0.93805,0.99371
CVE-2021-21220,cvssMetricV31,8.8,0.95549,0.9957
CVE-2021-21234,cvssMetricV31,7.7,0.9348,0.99341
CVE-2021-21287,cvssMetricV31,7.7,0.96554,0.9975
CVE-2021-21307,cvssMetricV31,8.6,0.97347,0.99955
CVE-2021-21315,cvssMetricV31,7.1,0.9714,0.99896
CVE-2021-21974,cvssMetricV31,8.8,0.90461,0.99127
CVE-2021-21975,cvssMetricV31,7.5,0.9721,0.99918
CVE-2021-22145,cvssMetricV31,6.5,0.9652,0.99745
CVE-2021-22204,cvssMetricV31,6.8,0.95781,0.99605
CVE-2021-24145,cvssMetricV31,7.2,0.96937,0.99842
CVE-2021-24155,cvssMetricV31,7.2,0.96994,0.99857
CVE-2021-24347,cvssMetricV31,8.8,0.97328,0.99952
CVE-2021-24862,cvssMetricV31,7.2,0.96638,0.99775
CVE-2021-25094,cvssMetricV31,8.1,0.92552,0.99266
CVE-2021-25296,cvssMetricV31,8.8,0.96718,0.99791
CVE-2021-25297,cvssMetricV31,8.8,0.96718,0.99791
CVE-2021-25298,cvssMetricV31,8.8,0.90239,0.99113
CVE-2021-25646,cvssMetricV31,8.8,0.97327,0.99951
CVE-2021-26085,cvssMetricV31,5.3,0.95599,0.99578
CVE-2021-26086,cvssMetricV31,5.3,0.96736,0.99794
CVE-2021-26419,cvssMetricV31,7.5,0.93724,0.99363
CVE-2021-27065,cvssMetricV31,7.8,0.94738,0.9947
CVE-2021-27562,cvssMetricV31,5.5,0.95729,0.99598
CVE-2021-28151,cvssMetricV31,8.8,0.96598,0.99763
CVE-2021-29441,cvssMetricV31,8.6,0.96802,0.99808
CVE-2021-29442,cvssMetricV31,8.6,0.96467,0.99734
CVE-2021-30497,cvssMetricV31,7.5,0.93695,0.99361
CVE-2021-31207,cvssMetricV31,6.6,0.91111,0.99171
CVE-2021-31250,cvssMetricV31,5.4,0.959,0.99625
CVE-2021-3156,cvssMetricV31,7.8,0.96365,0.99712
CVE-2021-33393,cvssMetricV31,8.8,0.94294,0.99418
CVE-2021-33544,cvssMetricV31,7.2,0.97093,0.99884
CVE-2021-33548,cvssMetricV31,7.2,0.95532,0.99567
CVE-2021-33549,cvssMetricV31,7.2,0.96761,0.99799
CVE-2021-33550,cvssMetricV31,7.2,0.95532,0.99567
CVE-2021-33551,cvssMetricV31,7.2,0.96268,0.99691
CVE-2021-33552,cvssMetricV31,7.2,0.95532,0.99567
CVE-2021-33553,cvssMetricV31,7.2,0.95532,0.99567
CVE-2021-33554,cvssMetricV31,7.2,0.95532,0.99567
CVE-2021-3577,cvssMetricV31,8.8,0.9597,0.99636
CVE-2021-36749,cvssMetricV31,6.5,0.91594,0.99202
CVE-2021-39144,cvssMetricV31,8.5,0.97193,0.99911
CVE-2021-39352,cvssMetricV31,7.2,0.95038,0.99509
CVE-2021-40444,cvssMetricV31,8.8,0.96933,0.99841
CVE-2021-41174,cvssMetricV31,6.9,0.95871,0.99621
CVE-2021-41282,cvssMetricV31,8.8,0.97113,0.99889
CVE-2021-41349,cvssMetricV31,6.5,0.95962,0.99633
CVE-2021-41773,cvssMetricV31,7.5,0.97315,0.99948
CVE-2021-41826,cvssMetricV31,6.1,0.95062,0.99512
CVE-2021-42321,cvssMetricV31,8.8,0.96225,0.99681
CVE-2021-42362,cvssMetricV31,8.8,0.92245,0.99246
CVE-2021-43798,cvssMetricV31,7.5,0.97476,0.99986
CVE-2021-45105,cvssMetricV31,5.9,0.95076,0.99513
CVE-2022-0824,cvssMetricV31,8.8,0.97221,0.99921
CVE-2022-1329,cvssMetricV31,8.8,0.95712,0.99594
CVE-2022-23642,cvssMetricV31,8.8,0.96582,0.9976
CVE-2022-24288,cvssMetricV31,8.8,0.94183,0.99406
CVE-2022-24734,cvssMetricV31,7.2,0.96023,0.99646
CVE-2022-2486,cvssMetricV31,8.0,0.97251,0.99926
CVE-2022-2487,cvssMetricV31,8.0,0.96844,0.99817
CVE-2022-2488,cvssMetricV31,8.0,0.9695,0.99848
CVE-2022-24990,cvssMetricV31,7.5,0.9568,0.99589
CVE-2022-27925,cvssMetricV31,7.2,0.90217,0.99111
CVE-2022-27926,cvssMetricV31,6.1,0.95879,0.99622
CVE-2022-28079,cvssMetricV31,8.8,0.90429,0.99125
CVE-2022-28810,cvssMetricV31,6.8,0.91058,0.99168
CVE-2022-30333,cvssMetricV31,7.5,0.93828,0.99374
CVE-2022-33891,cvssMetricV31,8.8,0.97339,0.99953
CVE-2022-34753,cvssMetricV31,8.8,0.96917,0.99838
CVE-2022-36537,cvssMetricV31,7.5,0.93243,0.9932
CVE-2022-36804,cvssMetricV31,8.8,0.97374,0.99962
CVE-2022-41800,cvssMetricV31,8.7,0.93861,0.99378
CVE-2022-43769,cvssMetricV31,8.8,0.95741,0.996
CVE-2023-0669,cvssMetricV31,7.2,0.9702,0.99863
CVE-2023-23752,cvssMetricV31,5.3,0.93466,0.9934
CVE-2023-25194,cvssMetricV31,8.8,0.96107,0.99658
CVE-2023-26035,cvssMetricV31,7.2,0.96846,0.99818
CVE-2023-26360,cvssMetricV31,8.6,0.96609,0.99767
CVE-2023-27524,cvssMetricV31,8.9,0.97304,0.99944
CVE-2023-28432,cvssMetricV31,7.5,0.93233,0.9932
CVE-2023-29298,cvssMetricV31,7.5,0.97145,0.99899
CVE-2023-30625,cvssMetricV31,8.8,0.91434,0.99189
CVE-2023-32235,cvssMetricV31,7.5,0.93259,0.99323
CVE-2023-32315,cvssMetricV31,8.6,0.9703,0.99866
CVE-2023-34105,cvssMetricV31,7.5,0.94722,0.99467
CVE-2023-34634,cvssMetricV31,7.8,0.91967,0.99229
CVE-2023-4220,cvssMetricV31,8.1,0.93423,0.99335
CVE-2023-4542,cvssMetricV31,6.3,0.95258,0.99531
CVE-2023-46805,cvssMetricV31,8.2,0.96766,0.998
CVE-2023-48795,cvssMetricV31,5.9,0.95381,0.99547
CVE-2023-52251,cvssMetricV31,8.8,0.9502,0.99506
CVE-2023-6895,cvssMetricV31,6.3,0.92118,0.99238
CVE-2024-0195,cvssMetricV31,6.3,0.96268,0.99691
CVE-2024-0986,cvssMetricV31,4.7,0.95489,0.99561
CVE-2024-20767,cvssMetricV31,7.4,0.96609,0.99766
CVE-2024-21893,cvssMetricV31,8.2,0.96031,0.99647
CVE-2024-24919,cvssMetricV31,8.6,0.96621,0.99768
CVE-2024-28995,cvssMetricV31,8.6,0.97076,0.9988
CVE-2024-3273,cvssMetricV31,7.3,0.93724,0.99363
CVE-2024-9463,cvssMetricV31,7.5,0.95994,0.9964
CVE-2024-9474,cvssMetricV31,7.2,0.97455,0.9998
